{
  "locations": [
    {
      "id": 1,
      "name": "Bahen 1F",
      "brief_description": "You are on the first floor of the Bahen Center. There are elevators to the West, and an exit from the building to St. George street to the East. You see something shiny on the ground -- looks like a toonie?",
      "long_description": "You are on the first floor of the Bahen Center. It's usually crowded at this time of the day, but today it's eerily quiet. Only a few students are studying at the table near the doors. You better not disturb them. One student is rushing down the corridor, wearing a heavy-looking backpack and carrying a textbook in their arms. There are elevators to the West, and an exit from the building to St. George street to the East.",
      "available_commands": {
        "go south": 4,
        "go east": 2
      },
      "items": ["toonie"]
    }
  ],
  "items": [
    {
      "name": "toonie",
      "description": "There is a toonie on the ground. Someone must have dropped it.",
      "start_position": 1,
      "target_position": 4,
      "target_points": 5
    }
  ]
}
